{
  "pdfCropperData": {
    "Physics": {
      "Physics": {
        "1": {
          "que": 1,
          "type": "mcq",
          "options": 4,
          "marks": {
            "cm": 3,
            "im": -1
          },
          "pdfData": [
            {
              "page": 1,
              "x1": 23,
              "y1": 268,
              "x2": 506,
              "y2": 510
            }
          ]
        },
        "2": {
          "que": 2,
          "type": "mcq",
          "options": 4,
          "marks": {
            "cm": 3,
            "im": -1
          },
          "pdfData": [
            {
              "page": 1,
              "x1": 23,
              "y1": 510,
              "x2": 506,
              "y2": 586
            }
          ]
        },
        "3": {
          "que": 3,
          "type": "mcq",
          "options": 4,
          "marks": {
            "cm": 3,
            "im": -1
          },
          "pdfData": [
            {
              "page": 1,
              "x1": 23,
              "y1": 586,
              "x2": 506,
              "y2": 638
            }
          ]
        },
        "4": {
          "que": 4,
          "type": "mcq",
          "options": 4,
          "marks": {
            "cm": 3,
            "im": -1
          },
          "pdfData": [
            {
              "page": 2,
              "x1": 23,
              "y1": 52,
              "x2": 506,
              "y2": 254
            }
          ]
        },
        "5": {
          "que": 5,
          "type": "mcq",
          "options": 4,
          "marks": {
            "cm": 3,
            "im": -1
          },
          "pdfData": [
            {
              "page": 2,
              "x1": 23,
              "y1": 254,
              "x2": 506,
              "y2": 350
            }
          ]
        },
        "6": {
          "que": 6,
          "type": "mcq",
          "options": 4,
          "marks": {
            "cm": 3,
            "im": -1
          },
          "pdfData": [
            {
              "page": 2,
              "x1": 23,
              "y1": 350,
              "x2": 506,
              "y2": 403
            }
          ]
        },
        "7": {
          "que": 7,
          "type": "mcq",
          "options": 4,
          "marks": {
            "cm": 3,
            "im": -1
          },
          "pdfData": [
            {
              "page": 2,
              "x1": 23,
              "y1": 403,
              "x2": 506,
              "y2": 519
            }
          ]
        },
        "8": {
          "que": 8,
          "type": "mcq",
          "options": 4,
          "marks": {
            "cm": 3,
            "im": -1
          },
          "pdfData": [
            {
              "page": 2,
              "x1": 23,
              "y1": 519,
              "x2": 506,
              "y2": 649
            }
          ]
        },
        "9": {
          "que": 9,
          "type": "mcq",
          "options": 4,
          "marks": {
            "cm": 3,
            "im": -1
          },
          "pdfData": [
            {
              "page": 2,
              "x1": 23,
              "y1": 649,
              "x2": 506,
              "y2": 750
            }
          ]
        },
        "10": {
          "que": 10,
          "type": "mcq",
          "options": 4,
          "marks": {
            "cm": 3,
            "im": -1
          },
          "pdfData": [
            {
              "page": 3,
              "x1": 23,
              "y1": 50,
              "x2": 506,
              "y2": 226
            }
          ]
        },
        "11": {
          "que": 11,
          "type": "mcq",
          "options": 4,
          "marks": {
            "cm": 3,
            "im": -1
          },
          "pdfData": [
            {
              "page": 3,
              "x1": 23,
              "y1": 226,
              "x2": 506,
              "y2": 325
            }
          ]
        },
        "12": {
          "que": 12,
          "type": "mcq",
          "options": 4,
          "marks": {
            "cm": 3,
            "im": -1
          },
          "pdfData": [
            {
              "page": 3,
              "x1": 23,
              "y1": 325,
              "x2": 506,
              "y2": 365
            }
          ]
        },
        "13": {
          "que": 13,
          "type": "mcq",
          "options": 4,
          "marks": {
            "cm": 3,
            "im": -1
          },
          "pdfData": [
            {
              "page": 3,
              "x1": 23,
              "y1": 365,
              "x2": 506,
              "y2": 434
            }
          ]
        },
        "14": {
          "que": 14,
          "type": "mcq",
          "options": 4,
          "marks": {
            "cm": 3,
            "im": -1
          },
          "pdfData": [
            {
              "page": 3,
              "x1": 23,
              "y1": 434,
              "x2": 506,
              "y2": 492
            }
          ]
        },
        "15": {
          "que": 15,
          "type": "mcq",
          "options": 4,
          "marks": {
            "cm": 3,
            "im": -1
          },
          "pdfData": [
            {
              "page": 3,
              "x1": 23,
              "y1": 492,
              "x2": 506,
              "y2": 568
            }
          ]
        },
        "16": {
          "que": 16,
          "type": "mcq",
          "options": 4,
          "marks": {
            "cm": 3,
            "im": -1
          },
          "pdfData": [
            {
              "page": 3,
              "x1": 23,
              "y1": 568,
              "x2": 506,
              "y2": 621
            }
          ]
        },
        "17": {
          "que": 17,
          "type": "mcq",
          "options": 4,
          "marks": {
            "cm": 3,
            "im": -1
          },
          "pdfData": [
            {
              "page": 3,
              "x1": 23,
              "y1": 621,
              "x2": 506,
              "y2": 660
            }
          ]
        },
        "18": {
          "que": 18,
          "type": "mcq",
          "options": 4,
          "marks": {
            "cm": 3,
            "im": -1
          },
          "pdfData": [
            {
              "page": 3,
              "x1": 23,
              "y1": 660,
              "x2": 506,
              "y2": 739
            }
          ]
        },
        "19": {
          "que": 19,
          "type": "mcq",
          "options": 4,
          "marks": {
            "cm": 3,
            "im": -1
          },
          "pdfData": [
            {
              "page": 3,
              "x1": 23,
              "y1": 739,
              "x2": 506,
              "y2": 788
            }
          ]
        },
        "20": {
          "que": 20,
          "type": "mcq",
          "options": 4,
          "marks": {
            "cm": 3,
            "im": -1
          },
          "pdfData": [
            {
              "page": 4,
              "x1": 23,
              "y1": 52,
              "x2": 506,
              "y2": 276
            }
          ]
        },
        "21": {
          "que": 21,
          "type": "mcq",
          "options": 4,
          "marks": {
            "cm": 3,
            "im": -1
          },
          "pdfData": [
            {
              "page": 4,
              "x1": 23,
              "y1": 276,
              "x2": 506,
              "y2": 356
            }
          ]
        },
        "22": {
          "que": 22,
          "type": "mcq",
          "options": 4,
          "marks": {
            "cm": 3,
            "im": -1
          },
          "pdfData": [
            {
              "page": 4,
              "x1": 23,
              "y1": 356,
              "x2": 506,
              "y2": 407
            }
          ]
        },
        "23": {
          "que": 23,
          "type": "mcq",
          "options": 4,
          "marks": {
            "cm": 3,
            "im": -1
          },
          "pdfData": [
            {
              "page": 4,
              "x1": 23,
              "y1": 407,
              "x2": 506,
              "y2": 554
            }
          ]
        },
        "24": {
          "que": 24,
          "type": "mcq",
          "options": 4,
          "marks": {
            "cm": 3,
            "im": -1
          },
          "pdfData": [
            {
              "page": 4,
              "x1": 23,
              "y1": 554,
              "x2": 506,
              "y2": 668
            }
          ]
        },
        "25": {
          "que": 25,
          "type": "mcq",
          "options": 4,
          "marks": {
            "cm": 3,
            "im": -1
          },
          "pdfData": [
            {
              "page": 4,
              "x1": 23,
              "y1": 668,
              "x2": 506,
              "y2": 737
            }
          ]
        },
        "26": {
          "que": 26,
          "type": "mcq",
          "options": 4,
          "marks": {
            "cm": 3,
            "im": -1
          },
          "pdfData": [
            {
              "page": 5,
              "x1": 23,
              "y1": 52,
              "x2": 506,
              "y2": 186
            }
          ]
        },
        "27": {
          "que": 27,
          "type": "mcq",
          "options": 4,
          "marks": {
            "cm": 3,
            "im": -1
          },
          "pdfData": [
            {
              "page": 5,
              "x1": 23,
              "y1": 186,
              "x2": 506,
              "y2": 311
            }
          ]
        },
        "28": {
          "que": 28,
          "type": "mcq",
          "options": 4,
          "marks": {
            "cm": 3,
            "im": -1
          },
          "pdfData": [
            {
              "page": 5,
              "x1": 23,
              "y1": 311,
              "x2": 506,
              "y2": 393
            }
          ]
        },
        "29": {
          "que": 29,
          "type": "mcq",
          "options": 4,
          "marks": {
            "cm": 3,
            "im": -1
          },
          "pdfData": [
            {
              "page": 5,
              "x1": 23,
              "y1": 393,
              "x2": 506,
              "y2": 457
            }
          ]
        },
        "30": {
          "que": 30,
          "type": "mcq",
          "options": 4,
          "marks": {
            "cm": 3,
            "im": -1
          },
          "pdfData": [
            {
              "page": 5,
              "x1": 23,
              "y1": 457,
              "x2": 506,
              "y2": 492
            }
          ]
        }
      }
    },
    "Chemistry": {
      "Chemistry": {
        "31": {
          "que": 31,
          "type": "mcq",
          "options": 4,
          "marks": {
            "cm": 3,
            "im": -1
          },
          "pdfData": [
            {
              "page": 6,
              "x1": 23,
              "y1": 124,
              "x2": 506,
              "y2": 183
            }
          ]
        },
        "32": {
          "que": 32,
          "type": "mcq",
          "options": 4,
          "marks": {
            "cm": 3,
            "im": -1
          },
          "pdfData": [
            {
              "page": 6,
              "x1": 23,
              "y1": 183,
              "x2": 506,
              "y2": 274
            }
          ]
        },
        "33": {
          "que": 33,
          "type": "mcq",
          "options": 4,
          "marks": {
            "cm": 3,
            "im": -1
          },
          "pdfData": [
            {
              "page": 6,
              "x1": 23,
              "y1": 274,
              "x2": 506,
              "y2": 364
            }
          ]
        },
        "34": {
          "que": 34,
          "type": "mcq",
          "options": 4,
          "marks": {
            "cm": 3,
            "im": -1
          },
          "pdfData": [
            {
              "page": 6,
              "x1": 23,
              "y1": 364,
              "x2": 506,
              "y2": 440
            }
          ]
        },
        "35": {
          "que": 35,
          "type": "mcq",
          "options": 4,
          "marks": {
            "cm": 3,
            "im": -1
          },
          "pdfData": [
            {
              "page": 6,
              "x1": 23,
              "y1": 440,
              "x2": 506,
              "y2": 507
            }
          ]
        },
        "36": {
          "que": 36,
          "type": "mcq",
          "options": 4,
          "marks": {
            "cm": 3,
            "im": -1
          },
          "pdfData": [
            {
              "page": 6,
              "x1": 23,
              "y1": 507,
              "x2": 506,
              "y2": 703
            }
          ]
        },
        "37": {
          "que": 37,
          "type": "mcq",
          "options": 4,
          "marks": {
            "cm": 3,
            "im": -1
          },
          "pdfData": [
            {
              "page": 6,
              "x1": 23,
              "y1": 703,
              "x2": 506,
              "y2": 740
            }
          ]
        },
        "38": {
          "que": 38,
          "type": "mcq",
          "options": 4,
          "marks": {
            "cm": 3,
            "im": -1
          },
          "pdfData": [
            {
              "page": 6,
              "x1": 23,
              "y1": 740,
              "x2": 506,
              "y2": 778
            }
          ]
        },
        "39": {
          "que": 39,
          "type": "mcq",
          "options": 4,
          "marks": {
            "cm": 3,
            "im": -1
          },
          "pdfData": [
            {
              "page": 7,
              "x1": 23,
              "y1": 52,
              "x2": 506,
              "y2": 99
            }
          ]
        },
        "40": {
          "que": 40,
          "type": "mcq",
          "options": 4,
          "marks": {
            "cm": 3,
            "im": -1
          },
          "pdfData": [
            {
              "page": 7,
              "x1": 23,
              "y1": 99,
              "x2": 506,
              "y2": 224
            }
          ]
        },
        "41": {
          "que": 41,
          "type": "mcq",
          "options": 4,
          "marks": {
            "cm": 3,
            "im": -1
          },
          "pdfData": [
            {
              "page": 7,
              "x1": 23,
              "y1": 224,
              "x2": 506,
              "y2": 278
            }
          ]
        },
        "42": {
          "que": 42,
          "type": "mcq",
          "options": 4,
          "marks": {
            "cm": 3,
            "im": -1
          },
          "pdfData": [
            {
              "page": 7,
              "x1": 23,
              "y1": 278,
              "x2": 506,
              "y2": 315
            }
          ]
        },
        "43": {
          "que": 43,
          "type": "mcq",
          "options": 4,
          "marks": {
            "cm": 3,
            "im": -1
          },
          "pdfData": [
            {
              "page": 7,
              "x1": 23,
              "y1": 315,
              "x2": 506,
              "y2": 432
            }
          ]
        },
        "44": {
          "que": 44,
          "type": "mcq",
          "options": 4,
          "marks": {
            "cm": 3,
            "im": -1
          },
          "pdfData": [
            {
              "page": 7,
              "x1": 23,
              "y1": 432,
              "x2": 506,
              "y2": 470
            }
          ]
        },
        "45": {
          "que": 45,
          "type": "mcq",
          "options": 4,
          "marks": {
            "cm": 3,
            "im": -1
          },
          "pdfData": [
            {
              "page": 7,
              "x1": 23,
              "y1": 470,
              "x2": 506,
              "y2": 511
            }
          ]
        },
        "46": {
          "que": 46,
          "type": "mcq",
          "options": 4,
          "marks": {
            "cm": 3,
            "im": -1
          },
          "pdfData": [
            {
              "page": 7,
              "x1": 23,
              "y1": 511,
              "x2": 506,
              "y2": 566
            }
          ]
        },
        "47": {
          "que": 47,
          "type": "mcq",
          "options": 4,
          "marks": {
            "cm": 3,
            "im": -1
          },
          "pdfData": [
            {
              "page": 7,
              "x1": 23,
              "y1": 566,
              "x2": 506,
              "y2": 656
            }
          ]
        },
        "48": {
          "que": 48,
          "type": "mcq",
          "options": 4,
          "marks": {
            "cm": 3,
            "im": -1
          },
          "pdfData": [
            {
              "page": 7,
              "x1": 23,
              "y1": 656,
              "x2": 506,
              "y2": 715
            }
          ]
        },
        "49": {
          "que": 49,
          "type": "mcq",
          "options": 4,
          "marks": {
            "cm": 3,
            "im": -1
          },
          "pdfData": [
            {
              "page": 7,
              "x1": 23,
              "y1": 715,
              "x2": 506,
              "y2": 752
            }
          ]
        },
        "50": {
          "que": 50,
          "type": "mcq",
          "options": 4,
          "marks": {
            "cm": 3,
            "im": -1
          },
          "pdfData": [
            {
              "page": 7,
              "x1": 23,
              "y1": 752,
              "x2": 506,
              "y2": 789
            }
          ]
        },
        "51": {
          "que": 51,
          "type": "mcq",
          "options": 4,
          "marks": {
            "cm": 3,
            "im": -1
          },
          "pdfData": [
            {
              "page": 8,
              "x1": 23,
              "y1": 53,
              "x2": 506,
              "y2": 106
            }
          ]
        },
        "52": {
          "que": 52,
          "type": "mcq",
          "options": 4,
          "marks": {
            "cm": 3,
            "im": -1
          },
          "pdfData": [
            {
              "page": 8,
              "x1": 23,
              "y1": 106,
              "x2": 506,
              "y2": 144
            }
          ]
        },
        "53": {
          "que": 53,
          "type": "mcq",
          "options": 4,
          "marks": {
            "cm": 3,
            "im": -1
          },
          "pdfData": [
            {
              "page": 8,
              "x1": 23,
              "y1": 144,
              "x2": 506,
              "y2": 216
            }
          ]
        },
        "54": {
          "que": 54,
          "type": "mcq",
          "options": 4,
          "marks": {
            "cm": 3,
            "im": -1
          },
          "pdfData": [
            {
              "page": 8,
              "x1": 23,
              "y1": 216,
              "x2": 506,
              "y2": 269
            }
          ]
        },
        "55": {
          "que": 55,
          "type": "mcq",
          "options": 4,
          "marks": {
            "cm": 3,
            "im": -1
          },
          "pdfData": [
            {
              "page": 8,
              "x1": 23,
              "y1": 269,
              "x2": 506,
              "y2": 542
            }
          ]
        },
        "56": {
          "que": 56,
          "type": "mcq",
          "options": 4,
          "marks": {
            "cm": 3,
            "im": -1
          },
          "pdfData": [
            {
              "page": 8,
              "x1": 23,
              "y1": 542,
              "x2": 506,
              "y2": 604
            }
          ]
        },
        "57": {
          "que": 57,
          "type": "mcq",
          "options": 4,
          "marks": {
            "cm": 3,
            "im": -1
          },
          "pdfData": [
            {
              "page": 8,
              "x1": 23,
              "y1": 604,
              "x2": 506,
              "y2": 679
            }
          ]
        },
        "58": {
          "que": 58,
          "type": "mcq",
          "options": 4,
          "marks": {
            "cm": 3,
            "im": -1
          },
          "pdfData": [
            {
              "page": 9,
              "x1": 23,
              "y1": 53,
              "x2": 506,
              "y2": 251
            }
          ]
        },
        "59": {
          "que": 59,
          "type": "mcq",
          "options": 4,
          "marks": {
            "cm": 3,
            "im": -1
          },
          "pdfData": [
            {
              "page": 9,
              "x1": 23,
              "y1": 251,
              "x2": 506,
              "y2": 300
            }
          ]
        },
        "60": {
          "que": 60,
          "type": "mcq",
          "options": 4,
          "marks": {
            "cm": 3,
            "im": -1
          },
          "pdfData": [
            {
              "page": 9,
              "x1": 23,
              "y1": 300,
              "x2": 506,
              "y2": 376
            }
          ]
        }
      }
    },
    "English": {
      "English": {
        "61": {
          "que": 61,
          "type": "mcq",
          "options": 4,
          "marks": {
            "cm": 3,
            "im": -1
          },
          "pdfData": [
            {
              "page": 10,
              "x1": 23,
              "y1": 124,
              "x2": 506,
              "y2": 455
            }
          ]
        },
        "62": {
          "que": 62,
          "type": "mcq",
          "options": 4,
          "marks": {
            "cm": 3,
            "im": -1
          },
          "pdfData": [
            {
              "page": 10,
              "x1": 23,
              "y1": 455,
              "x2": 506,
              "y2": 697
            }
          ]
        },
        "63": {
          "que": 63,
          "type": "mcq",
          "options": 4,
          "marks": {
            "cm": 3,
            "im": -1
          },
          "pdfData": [
            {
              "page": 10,
              "x1": 23,
              "y1": 697,
              "x2": 506,
              "y2": 768
            }
          ]
        },
        "64": {
          "que": 64,
          "type": "mcq",
          "options": 4,
          "marks": {
            "cm": 3,
            "im": -1
          },
          "pdfData": [
            {
              "page": 11,
              "x1": 23,
              "y1": 52,
              "x2": 506,
              "y2": 116
            }
          ]
        },
        "65": {
          "que": 65,
          "type": "mcq",
          "options": 4,
          "marks": {
            "cm": 3,
            "im": -1
          },
          "pdfData": [
            {
              "page": 11,
              "x1": 23,
              "y1": 116,
              "x2": 506,
              "y2": 177
            }
          ]
        },
        "66": {
          "que": 66,
          "type": "mcq",
          "options": 4,
          "marks": {
            "cm": 3,
            "im": -1
          },
          "pdfData": [
            {
              "page": 11,
              "x1": 23,
              "y1": 177,
              "x2": 506,
              "y2": 231
            }
          ]
        },
        "67": {
          "que": 67,
          "type": "mcq",
          "options": 4,
          "marks": {
            "cm": 3,
            "im": -1
          },
          "pdfData": [
            {
              "page": 11,
              "x1": 23,
              "y1": 231,
              "x2": 506,
              "y2": 290
            }
          ]
        },
        "68": {
          "que": 68,
          "type": "mcq",
          "options": 4,
          "marks": {
            "cm": 3,
            "im": -1
          },
          "pdfData": [
            {
              "page": 11,
              "x1": 23,
              "y1": 290,
              "x2": 506,
              "y2": 341
            }
          ]
        },
        "69": {
          "que": 69,
          "type": "mcq",
          "options": 4,
          "marks": {
            "cm": 3,
            "im": -1
          },
          "pdfData": [
            {
              "page": 11,
              "x1": 23,
              "y1": 341,
              "x2": 506,
              "y2": 435
            }
          ]
        },
        "70": {
          "que": 70,
          "type": "mcq",
          "options": 4,
          "marks": {
            "cm": 3,
            "im": -1
          },
          "pdfData": [
            {
              "page": 11,
              "x1": 23,
              "y1": 435,
              "x2": 506,
              "y2": 518
            }
          ]
        }
      }
    },
    "Logical Reasoning": {
      "Logical Reasoning": {
        "71": {
          "que": 71,
          "type": "mcq",
          "options": 4,
          "marks": {
            "cm": 3,
            "im": -1
          },
          "pdfData": [
            {
              "page": 12,
              "x1": 23,
              "y1": 122,
              "x2": 506,
              "y2": 201
            }
          ]
        },
        "72": {
          "que": 72,
          "type": "mcq",
          "options": 4,
          "marks": {
            "cm": 3,
            "im": -1
          },
          "pdfData": [
            {
              "page": 12,
              "x1": 23,
              "y1": 201,
              "x2": 506,
              "y2": 251
            }
          ]
        },
        "73": {
          "que": 73,
          "type": "mcq",
          "options": 4,
          "marks": {
            "cm": 3,
            "im": -1
          },
          "pdfData": [
            {
              "page": 12,
              "x1": 23,
              "y1": 251,
              "x2": 506,
              "y2": 379
            }
          ]
        },
        "74": {
          "que": 74,
          "type": "mcq",
          "options": 4,
          "marks": {
            "cm": 3,
            "im": -1
          },
          "pdfData": [
            {
              "page": 12,
              "x1": 23,
              "y1": 379,
              "x2": 506,
              "y2": 433
            }
          ]
        },
        "75": {
          "que": 75,
          "type": "mcq",
          "options": 4,
          "marks": {
            "cm": 3,
            "im": -1
          },
          "pdfData": [
            {
              "page": 12,
              "x1": 23,
              "y1": 433,
              "x2": 506,
              "y2": 472
            }
          ]
        },
        "76": {
          "que": 76,
          "type": "mcq",
          "options": 4,
          "marks": {
            "cm": 3,
            "im": -1
          },
          "pdfData": [
            {
              "page": 12,
              "x1": 23,
              "y1": 472,
              "x2": 506,
              "y2": 510
            }
          ]
        },
        "77": {
          "que": 77,
          "type": "mcq",
          "options": 4,
          "marks": {
            "cm": 3,
            "im": -1
          },
          "pdfData": [
            {
              "page": 12,
              "x1": 23,
              "y1": 510,
              "x2": 506,
              "y2": 576
            }
          ]
        },
        "78": {
          "que": 78,
          "type": "mcq",
          "options": 4,
          "marks": {
            "cm": 3,
            "im": -1
          },
          "pdfData": [
            {
              "page": 12,
              "x1": 23,
              "y1": 576,
              "x2": 506,
              "y2": 628
            }
          ]
        },
        "79": {
          "que": 79,
          "type": "mcq",
          "options": 4,
          "marks": {
            "cm": 3,
            "im": -1
          },
          "pdfData": [
            {
              "page": 12,
              "x1": 23,
              "y1": 628,
              "x2": 506,
              "y2": 722
            }
          ]
        },
        "80": {
          "que": 80,
          "type": "mcq",
          "options": 4,
          "marks": {
            "cm": 3,
            "im": -1
          },
          "pdfData": [
            {
              "page": 13,
              "x1": 23,
              "y1": 52,
              "x2": 506,
              "y2": 176
            }
          ]
        },
        "81": {
          "que": 81,
          "type": "mcq",
          "options": 4,
          "marks": {
            "cm": 3,
            "im": -1
          },
          "pdfData": [
            {
              "page": 13,
              "x1": 23,
              "y1": 176,
              "x2": 506,
              "y2": 247
            }
          ]
        },
        "82": {
          "que": 82,
          "type": "mcq",
          "options": 4,
          "marks": {
            "cm": 3,
            "im": -1
          },
          "pdfData": [
            {
              "page": 13,
              "x1": 23,
              "y1": 247,
              "x2": 506,
              "y2": 328
            }
          ]
        },
        "83": {
          "que": 83,
          "type": "mcq",
          "options": 4,
          "marks": {
            "cm": 3,
            "im": -1
          },
          "pdfData": [
            {
              "page": 13,
              "x1": 23,
              "y1": 328,
              "x2": 506,
              "y2": 488
            }
          ]
        },
        "84": {
          "que": 84,
          "type": "mcq",
          "options": 4,
          "marks": {
            "cm": 3,
            "im": -1
          },
          "pdfData": [
            {
              "page": 13,
              "x1": 23,
              "y1": 488,
              "x2": 506,
              "y2": 675
            }
          ]
        },
        "85": {
          "que": 85,
          "type": "mcq",
          "options": 4,
          "marks": {
            "cm": 3,
            "im": -1
          },
          "pdfData": [
            {
              "page": 13,
              "x1": 23,
              "y1": 675,
              "x2": 506,
              "y2": 715
            }
          ]
        },
        "86": {
          "que": 86,
          "type": "mcq",
          "options": 4,
          "marks": {
            "cm": 3,
            "im": -1
          },
          "pdfData": [
            {
              "page": 13,
              "x1": 23,
              "y1": 715,
              "x2": 506,
              "y2": 765
            }
          ]
        },
        "87": {
          "que": 87,
          "type": "mcq",
          "options": 4,
          "marks": {
            "cm": 3,
            "im": -1
          },
          "pdfData": [
            {
              "page": 14,
              "x1": 23,
              "y1": 51,
              "x2": 506,
              "y2": 110
            }
          ]
        },
        "88": {
          "que": 88,
          "type": "mcq",
          "options": 4,
          "marks": {
            "cm": 3,
            "im": -1
          },
          "pdfData": [
            {
              "page": 14,
              "x1": 23,
              "y1": 110,
              "x2": 506,
              "y2": 185
            }
          ]
        },
        "89": {
          "que": 89,
          "type": "mcq",
          "options": 4,
          "marks": {
            "cm": 3,
            "im": -1
          },
          "pdfData": [
            {
              "page": 14,
              "x1": 23,
              "y1": 185,
              "x2": 506,
              "y2": 317
            }
          ]
        },
        "90": {
          "que": 90,
          "type": "mcq",
          "options": 4,
          "marks": {
            "cm": 3,
            "im": -1
          },
          "pdfData": [
            {
              "page": 14,
              "x1": 23,
              "y1": 317,
              "x2": 506,
              "y2": 481
            }
          ]
        }
      }
    },
    "Maths": {
      "Maths": {
        "91": {
          "que": 91,
          "type": "mcq",
          "options": 4,
          "marks": {
            "cm": 3,
            "im": -1
          },
          "pdfData": [
            {
              "page": 15,
              "x1": 23,
              "y1": 121,
              "x2": 506,
              "y2": 208
            }
          ]
        },
        "92": {
          "que": 92,
          "type": "mcq",
          "options": 4,
          "marks": {
            "cm": 3,
            "im": -1
          },
          "pdfData": [
            {
              "page": 15,
              "x1": 23,
              "y1": 208,
              "x2": 506,
              "y2": 275
            }
          ]
        },
        "93": {
          "que": 93,
          "type": "mcq",
          "options": 4,
          "marks": {
            "cm": 3,
            "im": -1
          },
          "pdfData": [
            {
              "page": 15,
              "x1": 23,
              "y1": 275,
              "x2": 506,
              "y2": 354
            }
          ]
        },
        "94": {
          "que": 94,
          "type": "mcq",
          "options": 4,
          "marks": {
            "cm": 3,
            "im": -1
          },
          "pdfData": [
            {
              "page": 15,
              "x1": 23,
              "y1": 354,
              "x2": 506,
              "y2": 418
            }
          ]
        },
        "95": {
          "que": 95,
          "type": "mcq",
          "options": 4,
          "marks": {
            "cm": 3,
            "im": -1
          },
          "pdfData": [
            {
              "page": 15,
              "x1": 23,
              "y1": 418,
              "x2": 506,
              "y2": 518
            }
          ]
        },
        "96": {
          "que": 96,
          "type": "mcq",
          "options": 4,
          "marks": {
            "cm": 3,
            "im": -1
          },
          "pdfData": [
            {
              "page": 15,
              "x1": 23,
              "y1": 518,
              "x2": 506,
              "y2": 601
            }
          ]
        },
        "97": {
          "que": 97,
          "type": "mcq",
          "options": 4,
          "marks": {
            "cm": 3,
            "im": -1
          },
          "pdfData": [
            {
              "page": 15,
              "x1": 23,
              "y1": 601,
              "x2": 506,
              "y2": 660
            }
          ]
        },
        "98": {
          "que": 98,
          "type": "mcq",
          "options": 4,
          "marks": {
            "cm": 3,
            "im": -1
          },
          "pdfData": [
            {
              "page": 15,
              "x1": 23,
              "y1": 660,
              "x2": 506,
              "y2": 727
            }
          ]
        },
        "99": {
          "que": 99,
          "type": "mcq",
          "options": 4,
          "marks": {
            "cm": 3,
            "im": -1
          },
          "pdfData": [
            {
              "page": 15,
              "x1": 23,
              "y1": 727,
              "x2": 506,
              "y2": 798
            }
          ]
        },
        "100": {
          "que": 100,
          "type": "mcq",
          "options": 4,
          "marks": {
            "cm": 3,
            "im": -1
          },
          "pdfData": [
            {
              "page": 16,
              "x1": 23,
              "y1": 52,
              "x2": 506,
              "y2": 100
            }
          ]
        },
        "101": {
          "que": 101,
          "type": "mcq",
          "options": 4,
          "marks": {
            "cm": 3,
            "im": -1
          },
          "pdfData": [
            {
              "page": 16,
              "x1": 23,
              "y1": 100,
              "x2": 506,
              "y2": 150
            }
          ]
        },
        "102": {
          "que": 102,
          "type": "mcq",
          "options": 4,
          "marks": {
            "cm": 3,
            "im": -1
          },
          "pdfData": [
            {
              "page": 16,
              "x1": 23,
              "y1": 150,
              "x2": 506,
              "y2": 241
            }
          ]
        },
        "103": {
          "que": 103,
          "type": "mcq",
          "options": 4,
          "marks": {
            "cm": 3,
            "im": -1
          },
          "pdfData": [
            {
              "page": 16,
              "x1": 23,
              "y1": 241,
              "x2": 506,
              "y2": 300
            }
          ]
        },
        "104": {
          "que": 104,
          "type": "mcq",
          "options": 4,
          "marks": {
            "cm": 3,
            "im": -1
          },
          "pdfData": [
            {
              "page": 16,
              "x1": 23,
              "y1": 300,
              "x2": 506,
              "y2": 388
            }
          ]
        },
        "105": {
          "que": 105,
          "type": "mcq",
          "options": 4,
          "marks": {
            "cm": 3,
            "im": -1
          },
          "pdfData": [
            {
              "page": 16,
              "x1": 23,
              "y1": 388,
              "x2": 506,
              "y2": 461
            }
          ]
        },
        "106": {
          "que": 106,
          "type": "mcq",
          "options": 4,
          "marks": {
            "cm": 3,
            "im": -1
          },
          "pdfData": [
            {
              "page": 16,
              "x1": 23,
              "y1": 461,
              "x2": 506,
              "y2": 515
            }
          ]
        },
        "107": {
          "que": 107,
          "type": "mcq",
          "options": 4,
          "marks": {
            "cm": 3,
            "im": -1
          },
          "pdfData": [
            {
              "page": 16,
              "x1": 23,
              "y1": 515,
              "x2": 506,
              "y2": 563
            }
          ]
        },
        "108": {
          "que": 108,
          "type": "mcq",
          "options": 4,
          "marks": {
            "cm": 3,
            "im": -1
          },
          "pdfData": [
            {
              "page": 16,
              "x1": 23,
              "y1": 563,
              "x2": 506,
              "y2": 642
            }
          ]
        },
        "109": {
          "que": 109,
          "type": "mcq",
          "options": 4,
          "marks": {
            "cm": 3,
            "im": -1
          },
          "pdfData": [
            {
              "page": 16,
              "x1": 23,
              "y1": 642,
              "x2": 506,
              "y2": 693
            }
          ]
        },
        "110": {
          "que": 110,
          "type": "mcq",
          "options": 4,
          "marks": {
            "cm": 3,
            "im": -1
          },
          "pdfData": [
            {
              "page": 16,
              "x1": 23,
              "y1": 693,
              "x2": 506,
              "y2": 760
            }
          ]
        },
        "111": {
          "que": 111,
          "type": "mcq",
          "options": 4,
          "marks": {
            "cm": 3,
            "im": -1
          },
          "pdfData": [
            {
              "page": 17,
              "x1": 23,
              "y1": 53,
              "x2": 506,
              "y2": 117
            }
          ]
        },
        "112": {
          "que": 112,
          "type": "mcq",
          "options": 4,
          "marks": {
            "cm": 3,
            "im": -1
          },
          "pdfData": [
            {
              "page": 17,
              "x1": 23,
              "y1": 117,
              "x2": 506,
              "y2": 210
            }
          ]
        },
        "113": {
          "que": 113,
          "type": "mcq",
          "options": 4,
          "marks": {
            "cm": 3,
            "im": -1
          },
          "pdfData": [
            {
              "page": 17,
              "x1": 23,
              "y1": 210,
              "x2": 506,
              "y2": 274
            }
          ]
        },
        "114": {
          "que": 114,
          "type": "mcq",
          "options": 4,
          "marks": {
            "cm": 3,
            "im": -1
          },
          "pdfData": [
            {
              "page": 17,
              "x1": 23,
              "y1": 274,
              "x2": 506,
              "y2": 356
            }
          ]
        },
        "115": {
          "que": 115,
          "type": "mcq",
          "options": 4,
          "marks": {
            "cm": 3,
            "im": -1
          },
          "pdfData": [
            {
              "page": 17,
              "x1": 23,
              "y1": 356,
              "x2": 506,
              "y2": 410
            }
          ]
        },
        "116": {
          "que": 116,
          "type": "mcq",
          "options": 4,
          "marks": {
            "cm": 3,
            "im": -1
          },
          "pdfData": [
            {
              "page": 17,
              "x1": 23,
              "y1": 410,
              "x2": 506,
              "y2": 457
            }
          ]
        },
        "117": {
          "que": 117,
          "type": "mcq",
          "options": 4,
          "marks": {
            "cm": 3,
            "im": -1
          },
          "pdfData": [
            {
              "page": 17,
              "x1": 23,
              "y1": 457,
              "x2": 506,
              "y2": 540
            }
          ]
        },
        "118": {
          "que": 118,
          "type": "mcq",
          "options": 4,
          "marks": {
            "cm": 3,
            "im": -1
          },
          "pdfData": [
            {
              "page": 17,
              "x1": 23,
              "y1": 540,
              "x2": 506,
              "y2": 592
            }
          ]
        },
        "119": {
          "que": 119,
          "type": "mcq",
          "options": 4,
          "marks": {
            "cm": 3,
            "im": -1
          },
          "pdfData": [
            {
              "page": 17,
              "x1": 23,
              "y1": 592,
              "x2": 506,
              "y2": 650
            }
          ]
        },
        "120": {
          "que": 120,
          "type": "mcq",
          "options": 4,
          "marks": {
            "cm": 3,
            "im": -1
          },
          "pdfData": [
            {
              "page": 17,
              "x1": 23,
              "y1": 650,
              "x2": 506,
              "y2": 701
            }
          ]
        },
        "121": {
          "que": 121,
          "type": "mcq",
          "options": 4,
          "marks": {
            "cm": 3,
            "im": -1
          },
          "pdfData": [
            {
              "page": 17,
              "x1": 23,
              "y1": 701,
              "x2": 506,
              "y2": 767
            }
          ]
        },
        "122": {
          "que": 122,
          "type": "mcq",
          "options": 4,
          "marks": {
            "cm": 3,
            "im": -1
          },
          "pdfData": [
            {
              "page": 18,
              "x1": 23,
              "y1": 53,
              "x2": 506,
              "y2": 112
            }
          ]
        },
        "123": {
          "que": 123,
          "type": "mcq",
          "options": 4,
          "marks": {
            "cm": 3,
            "im": -1
          },
          "pdfData": [
            {
              "page": 18,
              "x1": 23,
              "y1": 112,
              "x2": 506,
              "y2": 217
            }
          ]
        },
        "124": {
          "que": 124,
          "type": "mcq",
          "options": 4,
          "marks": {
            "cm": 3,
            "im": -1
          },
          "pdfData": [
            {
              "page": 18,
              "x1": 23,
              "y1": 217,
              "x2": 506,
              "y2": 292
            }
          ]
        },
        "125": {
          "que": 125,
          "type": "mcq",
          "options": 4,
          "marks": {
            "cm": 3,
            "im": -1
          },
          "pdfData": [
            {
              "page": 18,
              "x1": 23,
              "y1": 292,
              "x2": 506,
              "y2": 352
            }
          ]
        },
        "126": {
          "que": 126,
          "type": "mcq",
          "options": 4,
          "marks": {
            "cm": 3,
            "im": -1
          },
          "pdfData": [
            {
              "page": 18,
              "x1": 23,
              "y1": 352,
              "x2": 506,
              "y2": 416
            }
          ]
        },
        "127": {
          "que": 127,
          "type": "mcq",
          "options": 4,
          "marks": {
            "cm": 3,
            "im": -1
          },
          "pdfData": [
            {
              "page": 18,
              "x1": 23,
              "y1": 416,
              "x2": 506,
              "y2": 469
            }
          ]
        },
        "128": {
          "que": 128,
          "type": "mcq",
          "options": 4,
          "marks": {
            "cm": 3,
            "im": -1
          },
          "pdfData": [
            {
              "page": 18,
              "x1": 23,
              "y1": 469,
              "x2": 506,
              "y2": 521
            }
          ]
        },
        "129": {
          "que": 129,
          "type": "mcq",
          "options": 4,
          "marks": {
            "cm": 3,
            "im": -1
          },
          "pdfData": [
            {
              "page": 18,
              "x1": 23,
              "y1": 521,
              "x2": 506,
              "y2": 558
            }
          ]
        },
        "130": {
          "que": 130,
          "type": "mcq",
          "options": 4,
          "marks": {
            "cm": 3,
            "im": -1
          },
          "pdfData": [
            {
              "page": 18,
              "x1": 23,
              "y1": 558,
              "x2": 506,
              "y2": 637
            }
          ]
        }
      }
    }
  },
  "pdfFileHash": "d335811eff7811a818d555003c1c6217f3b07b064cf1ec138a91b7ab0459c42f",
  "testAnswerKey": {
    "Physics": {
      "Physics": {
        "1": [
          4
        ],
        "2": [
          3
        ],
        "3": [
          2
        ],
        "4": [
          1
        ],
        "5": [
          1
        ],
        "6": [
          3
        ],
        "7": [
          4
        ],
        "8": [
          2
        ],
        "9": [
          3
        ],
        "10": [
          3
        ],
        "11": [
          1
        ],
        "12": [
          2
        ],
        "13": [
          2
        ],
        "14": [
          3
        ],
        "15": [
          3
        ],
        "16": [
          3
        ],
        "17": [
          1
        ],
        "18": [
          3
        ],
        "19": [
          2
        ],
        "20": [
          4
        ],
        "21": [
          4
        ],
        "22": [
          2
        ],
        "23": [
          2
        ],
        "24": [
          2
        ],
        "25": [
          3
        ],
        "26": [
          2
        ],
        "27": [
          4
        ],
        "28": [
          3
        ],
        "29": [
          3
        ],
        "30": [
          1
        ]
      }
    },
    "Chemistry": {
      "Chemistry": {
        "31": [
          1
        ],
        "32": [
          4
        ],
        "33": [
          4
        ],
        "34": [
          4
        ],
        "35": [
          4
        ],
        "36": [
          3
        ],
        "37": [
          1
        ],
        "38": [
          2
        ],
        "39": [
          1
        ],
        "40": [
          1
        ],
        "41": [
          4
        ],
        "42": [
          3
        ],
        "43": [
          1
        ],
        "44": [
          2
        ],
        "45": [
          1
        ],
        "46": [
          4
        ],
        "47": [
          4
        ],
        "48": [
          4
        ],
        "49": [
          1
        ],
        "50": [
          3
        ],
        "51": [
          1
        ],
        "52": [
          3
        ],
        "53": [
          3
        ],
        "54": [
          3
        ],
        "55": [
          4
        ],
        "56": [
          2
        ],
        "57": [
          1
        ],
        "58": [
          4
        ],
        "59": [
          4
        ],
        "60": [
          4
        ]
      }
    },
    "English": {
      "English": {
        "61": [
          1
        ],
        "62": [
          4
        ],
        "63": [
          3
        ],
        "64": [
          4
        ],
        "65": [
          4
        ],
        "66": [
          3
        ],
        "67": [
          1
        ],
        "68": [
          1
        ],
        "69": [
          1
        ],
        "70": [
          2
        ]
      }
    },
    "Logical Reasoning": {
      "Logical Reasoning": {
        "71": [
          1
        ],
        "72": [
          4
        ],
        "73": [
          2
        ],
        "74": [
          4
        ],
        "75": [
          3
        ],
        "76": [
          4
        ],
        "77": [
          1
        ],
        "78": [
          3
        ],
        "79": [
          4
        ],
        "80": [
          3
        ],
        "81": [
          4
        ],
        "82": [
          2
        ],
        "83": [
          4
        ],
        "84": [
          3
        ],
        "85": [
          1
        ],
        "86": [
          3
        ],
        "87": [
          4
        ],
        "88": [
          4
        ],
        "89": [
          4
        ],
        "90": [
          4
        ]
      }
    },
    "Maths": {
      "Maths": {
        "91": [
          3
        ],
        "92": [
          2
        ],
        "93": [
          3
        ],
        "94": [
          3
        ],
        "95": [
          3
        ],
        "96": [
          1
        ],
        "97": [
          4
        ],
        "98": [
          2
        ],
        "99": [
          1
        ],
        "100": [
          2
        ],
        "101": [
          1
        ],
        "102": [
          2
        ],
        "103": [
          3
        ],
        "104": [
          4
        ],
        "105": [
          3
        ],
        "106": [
          4
        ],
        "107": [
          4
        ],
        "108": [
          1
        ],
        "109": [
          4
        ],
        "110": [
          2
        ],
        "111": [
          1
        ],
        "112": [
          3
        ],
        "113": [
          2
        ],
        "114": [
          2
        ],
        "115": [
          4
        ],
        "116": [
          4
        ],
        "117": [
          2
        ],
        "118": [
          2
        ],
        "119": [
          1
        ],
        "120": [
          2
        ],
        "121": [
          3
        ],
        "122": [
          3
        ],
        "123": [
          4
        ],
        "124": [
          3
        ],
        "125": [
          3
        ],
        "126": [
          1
        ],
        "127": [
          1
        ],
        "128": [
          1
        ],
        "129": [
          2
        ],
        "130": [
          1
        ]
      }
    }
  }
}